Reporting Area,"Varicella (chickenpox), Cum 2017","Varicella (chickenpox), Cum 2016","Varicella (chickenpox), Cum 2014","Varicella (chickenpox), Cum 2013",Avg,n,%,CI,"Population estimates, July 1, 2018,  (V2018)","Population estimates base, April 1, 2010,  (V2018)","Population, percent change - April 1, 2010 (estimates base) to July 1, 2018,  (V2018)","Population, Census, April 1, 2010","Persons under 5 years, percent","Persons under 18 years, percent","Persons 65 years and over, percent","Female persons, percent","White alone, percent","Black or African American alone, percent","American Indian and Alaska Native alone, percent","Asian alone, percent","Native Hawaiian and Other Pacific Islander alone, percent","Two or More Races, percent","Hispanic or Latino, percent","White alone, not Hispanic or Latino, percent","Veterans, 2013-2017","Foreign born persons, percent, 2013-2017","Housing units,  July 1, 2018,  (V2018)","Owner-occupied housing unit rate, 2013-2017","Median value of owner-occupied housing units, 2013-2017","Median selected monthly owner costs -with a mortgage, 2013-2017","Median selected monthly owner costs -without a mortgage, 2013-2017","Median gross rent, 2013-2017","Building permits, 2018","Households, 2013-2017","Persons per household, 2013-2017","Living in same house 1 year ago, percent of persons age 1 year+, 2013-2017","Language other than English spoken at home, percent of persons age 5 years+, 2013-2017","Households with a computer, percent, 2013-2017","Households with a broadband Internet subscription, percent, 2013-2017","High school graduate or higher, percent of persons age 25 years+, 2013-2017","Bachelor's degree or higher, percent of persons age 25 years+, 2013-2017","With a disability, under age 65 years, percent, 2013-2017","Persons  without health insurance, under age 65 years, percent","In civilian labor force, total, percent of population age 16 years+, 2013-2017","In civilian labor force, female, percent of population age 16 years+, 2013-2017","Total accommodation and food services sales, 2012 ($1,000)","Total health care and social assistance receipts/revenue, 2012 ($1,000)","Total merchant wholesaler sales, 2012 ($1,000)","Total retail sales, 2012 ($1,000)","Total retail sales per capita, 2012","Mean travel time to work (minutes), workers age 16 years+, 2013-2017","Median household income (in 2017 dollars), 2013-2017","Per capita income in past 12 months (in 2017 dollars), 2013-2017","Persons in poverty, percent","Total employer establishments, 2016","Total employment, 2016","Total annual payroll, 2016 ($1,000)","Total employment, percent change, 2015-2016","Total nonemployer establishments, 2017","All firms, 2012","Men-owned firms, 2012","Women-owned firms, 2012","Minority-owned firms, 2012","Nonminority-owned firms, 2012","Veteran-owned firms, 2012","Nonveteran-owned firms, 2012","Population per square mile, 2010","Land area in square miles, 2010"
alabama,36.0,107.0,104.0,160.0,101.75,0.16868074124829707,0.548387096774194,(±4),-0.2249198359232597,-0.2039916138829712,0.28402366863905326,-0.20402083495099638,0.39393939393939403,0.34545454545454546,0.6105263157894736,1.0,0.6304347826086956,0.7043010752688174,0.026490066225165563,0.019021739130434777,0.009803921568627453,0.01762114537444933,0.0569620253164557,0.6115007012622722,-0.10151482787927602,0.07480314960629922,-0.17237067840163828,0.6302621719635886,-0.8512533619985181,-0.9779316387532654,-0.9732879587918493,-0.9615623970184537,-0.3267415626782202,-0.20801194281733804,-0.1362552849683756,0.5531914893617031,0.06265060240963856,0.16551724137931068,0.2906403940886704,0.2666666666666666,0.2072072072072073,0.6582278481012657,0.5238095238095237,0.2331288343558282,0.19883040935672502,-0.39962338058125557,-0.31950299953221145,-0.3294075850276579,-0.284128785815644,-0.9470976425009676,0.10016228873377589,-1.2036400433658383,-1.1233430813623089,0.7603305785123967,-0.324079998334903,-0.3073715906841006,-0.3710595870011603,0.7450980392156864,-0.28504051340244135,-0.2747441815048784,-0.2682779546258143,-0.2423124379335455,-0.22207129466638542,-0.30144601514405556,-0.1660453133278531,-0.2810226003624039,-0.38907039816298966,-0.23532439992934326
alaska,47.0,19.0,70.0,61.0,49.25,-0.37227790415440387,0.032258064516129004,(±4.7),-0.7936407176874133,-0.8043025039211041,0.3727810650887574,-0.8042953030850349,0.7575757575757578,0.5818181818181818,0.07368421052631602,0.0,0.5753623188405796,0.08602150537634409,1.0,0.1576086956521739,0.13725490196078433,0.26872246696035246,0.1160337552742616,0.5399719495091164,-0.863498635326555,0.23622047244094485,-0.8608275986614532,-0.5246685096450767,0.6570968494221231,1.1053227933682706,0.5854826158316955,1.3957693804972926,-0.6951448995332558,-0.8568701398877401,1.4312833916589436,0.06382978723404342,0.32530120481927716,0.9241379310344833,0.9162561576354684,0.942857142857144,0.40990990990990994,0.2531645569620252,0.6607142857142857,0.834355828220859,0.9064327485380117,-0.7296576544949741,-0.7501261862432852,-0.7026408723106319,-0.814918613093342,0.15038838407370927,-1.4448942927978685,1.9325772735856777,1.0292295300382353,0.2727272727272728,-0.7857601794550589,-0.8154738832977005,-0.709353934147159,0.4411764705882354,-0.711005891557306,-0.7400839147158191,-0.748233152215441,-0.7122622520070281,-0.48497492316776475,-0.9197822708243786,-0.8253986800283674,-0.7261110462502428,-0.7496575096841473,5.885642183394484
arizona,194.0,279.0,310.0,354.0,284.25,-0.200154698798999,0.5806451612903238,(±3.4),0.08801872536683457,0.0338014073456117,0.8698224852071006,0.033799519061989455,0.4242424242424241,0.3999999999999997,0.6736842105263159,0.6486486486486491,0.8289855072463768,0.12096774193548389,0.33112582781456956,0.07880434782608695,0.029411764705882356,0.07048458149779735,0.630801687763713,0.4572230014025246,0.3011154205536948,0.46456692913385833,0.09548513798664048,-0.6660885931073629,-0.14123642888756913,-0.3789594668249135,-0.6517478402596383,0.2092977573767845,0.4253650442426861,0.045040323085478715,0.6475140533452853,0.13829787234042712,0.5903614457831325,0.63448275862069,0.7438423645320205,0.3809523809523805,0.38288288288288275,0.2531645569620252,0.5654761904761904,0.34969325153374253,0.3099415204678362,-0.0039507598468714175,-0.07825928997820637,-0.24634382638369615,0.004513174590193825,-0.55250726421067,0.23335682162443488,-0.45899739183406685,-0.6110127828231516,0.5289256198347109,-0.09149626486779601,-0.052391929310997044,-0.13520652652437118,0.8725490196078433,-0.04182127855083066,-0.08355450727429754,-0.14946334794792424,-0.060031857779403945,-0.07780254771755707,-0.09953426017187553,-0.072215003391684,-0.09234029789241346,-0.5364777903191711,0.5056572168235168
arkansas,109.0,140.0,219.0,249.0,179.25,-0.2862163014767014,0.48387096774193594,(±4.2),-0.4817145109816416,-0.4789488751814941,0.34911242603550297,-0.4789442859969215,0.48484848484848486,0.4363636363636363,0.6210526315789473,0.8108108108108105,0.7753623188405796,0.40591397849462374,0.046357615894039736,0.024456521739130425,0.03921568627450981,0.03964757709251102,0.12658227848101264,0.7068723702664796,-0.4756453870117915,0.1220472440944882,-0.4870181366411442,-0.0768382453478404,-1.0092931376173218,-1.2993313407636005,-1.0571679897132957,-1.1593076675385383,-0.4569030823931088,-0.4949551949728485,-0.3171251322715265,0.382978723404257,0.1132530120481928,0.20000000000000018,0.11822660098522197,0.2952380952380951,0.09459459459459463,0.7594936708860759,0.3928571428571429,0.2699386503067487,0.23976608187134518,-0.6011027083750093,-0.5439010915483531,-0.5176251804638218,-0.5241861500050576,-0.7765457910148799,-0.699004908610178,-1.4849706501323885,-1.4282465953711854,0.793388429752066,-0.5238667790448405,-0.5418545933993303,-0.5473581495259023,0.715686274509804,-0.47850139397836017,-0.4908956968344262,-0.49782621103950203,-0.4932529182761195,-0.4103397664295371,-0.5348797877734436,-0.4769636940714789,-0.492562146982315,-0.5376384784463851,-0.21896068191224222
california,24.0,44.0,29.0,30.0,31.75,0.5252216666273499,0.596774193548387,(±4.7),4.525688885459513,4.5859982268205455,0.5147928994082841,4.586106008133791,0.4545454545454546,0.3818181818181816,0.33684210526315805,0.6486486486486491,0.6739130434782608,0.1586021505376344,0.08609271523178809,0.39402173913043476,0.04901960784313726,0.1145374449339207,0.7932489451476792,0.2103786816269284,3.5602485523326823,0.9999999999999999,4.051709183135581,-2.6931097894001264,2.766230619628952,2.1104273160187734,0.3827725411048668,2.217973400028171,2.438399113839708,4.254036848781834,2.3356326281747033,0.5957446808510642,1.0,0.7724137931034489,0.9014778325123154,0.0,0.5720720720720722,0.05063291139240511,0.3035714285714286,0.5828220858895707,0.47368421052631593,4.731280842106288,4.5620669996365715,3.9969338021695098,4.387234752940628,-0.6847101786762173,1.2189963650153113,0.986167992830961,0.5818067219812706,0.4297520661157025,4.515149487984897,4.360334850542034,4.777030934661773,0.6960784313725491,4.461215452548732,4.5505571005782075,4.436984776498383,4.569353672261018,4.892107478513506,4.015540642498108,3.916048430957408,4.597095108309402,0.17076817519657583,1.0022264614891494
colorado,238.0,331.0,309.0,353.0,307.75,-0.21244921346724222,0.19354838709677402,(±4.7),-0.11424418469488558,-0.16723772035960438,0.9289940828402367,-0.16722410689175643,0.36363636363636376,0.3363636363636362,0.3263157894736841,0.45945945945946143,0.8913043478260869,0.10752688172043012,0.08609271523178809,0.07336956521739128,0.019607843137254905,0.07929515418502203,0.42194092827004215,0.6465638148667603,-0.005256239426199969,0.3228346456692914,-0.11976197503308648,-0.28896837054126706,0.9383146854497002,0.40700889536399704,-0.31622771657385285,1.0054826623655464,0.4523500912793788,-0.11666467624738375,-0.1362552849683756,0.0744680851063837,0.34698795180722886,0.8896551724137938,0.9605911330049266,0.8190476190476188,0.8783783783783783,0.10126582278481011,0.3214285714285714,0.8527607361963194,0.7836257309941521,-0.02730720296429795,-0.24398401585050966,-0.19236133961147017,-0.18203146431894437,-0.47883693782910547,0.2599957282025661,0.8051387832869342,0.9784122777034225,0.1652892561983471,0.06216777951894244,-0.07449683455853305,-0.047266978405368816,0.7941176470588236,0.007084200100858349,-0.011461438888717743,-0.0372915618071779,-0.010863507517042246,-0.2433965816683819,0.17231662253531072,0.023652143952650848,-0.020786444023479688,-0.5666556816267357,0.3885081100274065
connecticut,109.0,113.0,185.0,223.0,157.5,-0.1878601841307558,0.8225806451612909,(±3),-0.4051384097495341,-0.3818759568190999,0.14792899408284024,-0.3818592476047845,0.1212121212121211,0.19090909090909114,0.6421052631578947,0.891891891891893,0.7884057971014493,0.30645161290322587,0.019867549668874173,0.11141304347826085,0.009803921568627453,0.04845814977973568,0.3122362869198312,0.6269284712482469,-0.5496829852382956,0.49606299212598426,-0.4375321138245448,0.15886189375596926,0.7523855376628724,1.6984513343509802,2.5426833373321105,0.9950750165486999,-0.6072123163545,-0.40820773142558997,-0.1362552849683756,0.7765957446808525,0.47228915662650617,0.63448275862069,0.8768472906403937,0.7333333333333334,0.8333333333333333,0.10126582278481011,0.17857142857142855,0.7975460122699389,0.7719298245614037,-0.27848389145047514,-0.24212352930229447,0.41105627292144575,-0.3606446232058538,0.18116845194545883,0.4731069808276207,1.6857384975095733,2.484450846898781,0.23140495867768596,-0.38387548257999893,-0.3576951935581935,-0.20932717764567574,0.7058823529411766,-0.36072348011011796,-0.346888933868131,-0.31324539828769066,-0.368262845723053,-0.34294583351946,-0.3378392620619639,-0.3772362548773823,-0.34210149684362956,2.1013794267959067,-0.77447980432868
delaware,22.0,12.0,15.0,23.0,18.0,-0.6058736828510247,0.556451612903226,(±3.9),-0.7621611216235028,-0.7766188620830081,0.6035502958579883,-0.7766080736819102,0.303030303030303,0.23636363636363655,0.7999999999999998,1.0,0.636231884057971,0.6021505376344087,0.026490066225165563,0.08967391304347823,0.009803921568627453,0.06167400881057269,0.16455696202531644,0.5624123422159888,-0.8639148106960126,0.2952755905511811,-0.8184702828504155,1.2666525475438755,0.386337527957555,0.14404550281008643,-0.2603076959595553,0.7504953398528057,-0.5739223517858697,-0.8164940461901923,0.22548440963792885,0.6702127659574479,0.24819277108433738,0.6482758620689664,0.7536945812807883,0.647619047619048,0.5,0.21518987341772144,0.21428571428571425,0.5153374233128836,0.5438596491228069,-0.7341503282447773,-0.7363787590510259,-0.6997092257884974,-0.7709712366716871,0.8785135961873914,0.3931902610932251,0.5488835258260149,0.46562000414303967,0.4049586776859505,-0.7605376350090306,-0.767090358763584,-0.6718474125309121,0.5784313725490197,-0.6972257914385905,-0.7318965646056531,-0.7398839714200447,-0.7048440692272313,-0.4824574010601507,-0.909635039671,-0.8398893233036038,-0.718899703436262,1.0285167012077416,-0.8085435057078458
florida,674.0,733.0,569.0,659.0,658.75,0.4022765199449179,0.645161290322581,(±3.7),2.023890490592515,1.8646213776035714,0.9349112426035504,1.8642387875957418,0.21212121212121215,0.1272727272727272,0.9894736842105263,0.8648648648648649,0.7492753623188406,0.43817204301075274,0.013245033112582783,0.05978260869565216,0.009803921568627453,0.03964757709251102,0.5147679324894515,0.44460028050490885,2.986478668471364,0.732283464566929,2.387129350608445,-0.26539835663088746,-0.3097347190693819,-0.15105785994485765,-0.08555763153987535,0.7556991627612291,3.3049750012849026,2.079021688336996,0.4063542569410824,0.37234042553191493,0.6313253012048193,0.6275862068965514,0.7044334975369457,0.4857142857142849,0.3873873873873874,0.26582278481012656,0.7619047619047619,0.3006134969325154,0.29824561403508776,2.203700605994265,1.8270662147670302,1.0552365478102352,2.0922190464718917,0.07823183152190293,0.7394960466089386,-0.7369422974285487,-0.4239128992267957,0.49586776859504134,2.3024636985891895,2.038340552862122,1.4822738469321524,1.0,2.701012695553874,2.349029427862048,2.246409126901063,2.484823965052584,2.569609640020562,2.068841103940254,2.623704193153496,2.328678257274708,0.6021572624777891,-0.2002529670827502
georgia,201.0,169.0,59.0,54.0,120.75,0.21785879992126989,0.5806451612903238,(±4.1),0.546761285691409,0.5200253373963802,0.6568047337278107,0.5199240347127604,0.4545454545454546,0.4818181818181817,0.2947368421052632,0.9459459459459456,0.5057971014492754,0.8548387096774195,0.013245033112582783,0.09510869565217389,0.009803921568627453,0.03964757709251102,0.17088607594936708,0.4291725105189341,0.7438982686319333,0.3307086614173228,0.5496291029071045,-0.6896586070177442,-0.5456323253239198,-0.38772491324337716,-0.5958278196453407,-0.024874273502263143,0.9199788191592626,0.5226533384370438,0.8283839006484363,0.3936170212765955,0.27469879518072293,0.5517241379310347,0.6157635467980298,0.3619047619047615,0.4504504504504503,0.2911392405063292,0.744047619047619,0.5460122699386503,0.5263157894736841,0.30296311227376077,0.24463474422263012,0.28091230077771234,0.3917551988347234,-0.9814098493088196,1.0058851123902566,-0.5153904769813294,-0.5992324197818996,0.5537190082644629,0.43304327218231964,0.46215454311528814,0.346312640015958,0.8039215686274511,0.6271621992536404,0.5700015513340483,0.5220521894699114,0.7297258668973668,0.7131915160809861,0.4417779509461305,0.8978433610858864,0.544009951372617,-0.10276732678352975,-0.15447799232129195
hawaii,48.0,35.0,46.0,30.0,39.75,-0.5566956241780519,0.38709677419354893,(±4.2),-0.7000440966959046,-0.7084185875399919,0.40828402366863914,-0.7084063869883858,0.4545454545454546,0.26363636363636345,0.7684210526315789,0.5405405405405403,0.0,0.043010752688172046,0.006622516556291393,0.9999999999999999,1.0,1.0,0.18987341772151894,0.0,-0.7535562007257136,0.6496062992125985,-0.7806307006407992,-1.8445892886264112,4.166509513898499,2.3938434168824325,0.13812245091731493,2.9933430133832397,-0.61158372584331,-0.7747734444687753,2.697372322781008,0.585106382978724,0.5614457831325302,0.6896551724137936,0.8620689655172415,0.8666666666666663,0.545045045045045,0.0,0.10119047619047622,0.49693251533742355,0.5906432748538011,-0.27881434930455135,-0.7115520663585734,-0.6714375101446178,-0.7219023692904775,-0.22502752570631815,0.8460516729214654,1.8065657080877606,0.43928742793318215,0.09917355371900838,-0.7194664644771905,-0.7207472925766117,-0.6611688903345301,0.5980392156862746,-0.6264870086499507,-0.6634365758270724,-0.6768770469008561,-0.6214698799923121,-0.28236795780499746,-0.9550589035851064,-0.7634206274656093,-0.6489256232710771,0.06514555562009947,-0.7558781479096718
idaho,,,,,,-1.0238871815712935,0.39516129032258007,(±4.8),-0.6543158976141008,-0.6778343472697027,0.8520710059171598,-0.677831294433077,0.5757575757575757,0.6363636363636365,0.5052631578947369,0.5405405405405403,0.9768115942028985,0.008064516129032258,0.09271523178807947,0.021739130434782608,0.019607843137254905,0.05286343612334802,0.23206751054852315,0.8401122019635345,-0.7291211575336274,0.16929133858267717,-0.7139542738750656,0.7716822554258764,-0.3318138053690677,-0.8435281270034888,-0.9103779356007645,-0.7273903661394061,-0.2987197069807199,-0.7126356551658761,0.5872241042442333,0.21276595744680904,0.19759036144578315,0.6827586206896559,0.6354679802955667,0.7333333333333334,0.31081081081081097,0.35443037974683544,0.5952380952380951,0.533742331288344,0.42690058479532134,-0.7013764525820659,-0.7168369930298748,-0.6124790946150563,-0.7048770193809597,-0.6105352610180667,-0.965393974391496,-0.7261503749425811,-1.1868646467808248,0.347107438016529,-0.6402174532963376,-0.7085186245810825,-0.6652560800763841,0.7941176470588236,-0.5957772494353978,-0.6205875181023491,-0.6482598445095269,-0.6187516429671314,-0.49533961524911185,-0.6969451665466343,-0.7312967917711095,-0.609721303927505,-0.6807900141361151,0.14132762519774017
illinois,283.0,469.0,579.0,731.0,515.5,2.357104352195587,0.5806451612903238,(±2.8),0.8511808858949667,0.9835993770809801,0.10650887573964497,0.983530799560439,0.39393939393939403,0.3545454545454543,0.4736842105263157,0.8108108108108105,0.7434782608695654,0.37634408602150543,0.019867549668874173,0.13858695652173914,0.009803921568627453,0.03083700440528634,0.3312236286919831,0.5497896213183731,0.6561546282379594,0.4881889763779528,0.9191418437667253,0.041011824204064434,-0.29811414733270514,0.4362270500922093,0.8091626982888858,0.10522129920831888,-0.13938743548473362,0.9899742338525823,0.22548440963792885,0.6702127659574479,0.4891566265060242,0.5310344827586206,0.6945812807881779,0.5809523809523798,0.6081081081081081,0.07594936708860756,0.29166666666666663,0.7177914110429451,0.6666666666666665,0.8552116809179464,0.9373217327614263,1.359551135388574,0.9086637744010784,-0.5449383950618791,1.192357458437179,0.3576972127657831,0.5346852698162624,0.371900826446281,0.9698088922129187,1.0791081211276605,1.0539688746525282,0.6666666666666667,0.7366436758361069,0.8818581122606888,0.8903463676181683,0.8965393528408623,0.5126467762744559,1.1570698138944442,0.7489214488717102,0.8959616955231353,0.13981649180420178,-0.17795633452047116
indiana,212.0,209.0,312.0,321.0,263.5,-0.31080533081318784,0.0967741935483879,(±5.3),0.02227761353531616,0.04733797586418052,0.3372781065088758,0.047338313597856285,0.48484848484848486,0.4454545454545451,0.49473684210526336,0.7567567567567579,0.86231884057971,0.24731182795698928,0.006622516556291393,0.04619565217391304,0.009803921568627453,0.03524229074889868,0.11392405063291136,0.8008415147265078,0.054059848731357905,0.13385826771653542,0.048989821732702186,0.7009722136947342,-0.8733324482982039,-1.0948042576661146,-0.6866978531435742,-0.7794285952236389,-0.14022809115565862,0.06723764899820278,-0.2568351831704771,0.4680851063829792,0.1421686746987952,0.4482758620689653,0.5270935960591134,0.5523809523809513,0.24324324324324342,0.430379746835443,0.38690476190476186,0.6319018404907975,0.5789473684210527,-0.06065201513580486,0.04081018479134361,-0.16295719022821542,0.01711133287511987,-0.44856146123394197,-0.21950459020380644,-0.5995039904749012,-0.763233552316977,0.4545454545454545,-0.050660324407730495,0.07068840264341424,-0.06860862272402504,0.7254901960784315,-0.15209170406519024,-0.11527478851247688,-0.12580828684271736,-0.13989838187105114,-0.32574164986117743,0.06826214076304456,-0.10336891651086688,-0.11799711941582425,-0.05401842544054065,-0.4097642354243502
iowa,,,,,,-0.6796407708604839,0.39516129032258007,(±4.8),-0.4622128455186226,-0.4596493124425227,0.3609467455621302,-0.4597041079408681,0.48484848484848486,0.427272727272727,0.6315789473684212,0.6216216216216228,0.9434782608695653,0.09139784946236561,0.013245033112582783,0.05163043478260869,0.009803921568627453,0.026431718061674,0.09493670886075947,0.8906030855539973,-0.5126711223812012,0.13385826771653542,-0.47676076626278224,1.2195125197231127,-0.7919884461414667,-0.8230754186937402,-0.21836768049883207,-0.9979891573774167,-0.41938181761415594,-0.452769031056644,-0.9803145723830833,0.43617021276595835,0.12289156626506023,0.49655172413793114,0.6059113300492611,0.8857142857142852,0.3513513513513513,0.17721518987341778,0.14285714285714285,0.8588957055214723,0.8304093567251463,-0.5295246866937882,-0.48277688837292204,-0.29692489807913447,-0.43489059127356483,0.295206080453908,-1.3916164796416053,-0.13523971725503578,-0.12616999804691575,0.2975206611570247,-0.4300570264211416,-0.4224699066728471,-0.4468648966790473,0.627450980392157,-0.4700739849331399,-0.44960627914182894,-0.46294569632900157,-0.4672791055040716,-0.48156354680119734,-0.40219252747567424,-0.4774680538106438,-0.4502682270151046,-0.5434419190824552,-0.1739753184909898
kansas,,230.0,,434.0,332.0,-1.0976542695807527,0.1532258064516121,(±5.9),-0.4957351012723674,-0.48822695515005804,0.26627218934911245,-0.48820763291474506,0.5454545454545454,0.5181818181818183,0.5052631578947369,0.6216216216216228,0.8811594202898552,0.1478494623655914,0.059602649006622516,0.062499999999999986,0.009803921568627453,0.07488986784140969,0.21940928270042193,0.755960729312763,-0.5353082879772307,0.2125984251968504,-0.5221161791798814,0.11172186593521001,-0.7687473026681132,-0.5075193476290475,-0.07856762896308815,-0.6805559599635965,-0.47654640323705644,-0.5052080798672639,-0.3171251322715265,0.32978723404255383,0.21686746987951808,0.544827586206897,0.6502463054187193,0.7619047619047619,0.5585585585585584,0.2911392405063292,0.42261904761904767,0.7546012269938651,0.7134502923976611,-0.5662113016775715,-0.49012304878737595,-0.3117886246798199,-0.5080584390163547,-0.3829645952777544,-1.3383386664853418,-0.2508825729134936,-0.23311721546063524,0.36363636363636365,-0.46933456765570053,-0.4837728436403069,-0.48410031780837315,0.4705882352941177,-0.48574693881335346,-0.4800131793003233,-0.492087932645947,-0.48823964280452886,-0.4433320275605694,-0.4915188685147284,-0.5604740278062749,-0.4747973699011742,-0.6192735433937716,0.13091718588232526
kentucky,,,,,,-0.6427572268557543,0.57258064516129,(±4.4),-0.2823983639594255,-0.269010596435876,0.3254437869822485,-0.2689776951238475,0.4545454545454546,0.3727272727272728,0.5578947368421052,0.7567567567567579,0.8985507246376812,0.20967741935483875,0.0,0.021739130434782608,0.009803921568627453,0.03083700440528634,0.044303797468354424,0.876577840112202,-0.2748907122928423,0.07874015748031496,-0.27069411586879977,0.25314194939749446,-0.8756565626455393,-1.0305243172640475,-0.9173679381775517,-1.1384923759048453,-0.3547073746643254,-0.26147716998432263,-0.49799497957467737,0.4148936170212778,0.06746987951807229,0.23448275862069057,0.42364532019704493,0.2571428571428571,0.14864864864864868,0.8227848101265821,0.20833333333333331,0.33742331288343586,0.3333333333333335,-0.40432861478214205,-0.31457327298111126,-0.2299407777120518,-0.3249113470873442,-0.7548483661216794,-0.2994213099382011,-1.1969744441833288,-1.0905428548552936,0.768595041322314,-0.3686796199433616,-0.3326745740736747,-0.3945298791756669,0.6568627450980393,-0.3454793028233245,-0.33951180611383547,-0.3237774646977411,-0.3709770135311301,-0.43954570109286795,-0.23583376726812413,-0.33549078723573755,-0.33950493574524326,-0.32910151159026496,-0.36667897728836946
louisiana,10.0,78.0,32.0,62.0,45.5,0.008852050561135442,0.370967741935484,(±4.7),-0.2561473025292447,-0.24037306850263668,0.31360946745562135,-0.2403608859074086,0.5757575757575757,0.45454545454545436,0.4526315789473685,0.891891891891893,0.5405797101449276,0.8629032258064518,0.033112582781456956,0.027173913043478257,0.009803921568627453,0.01762114537444933,0.07383966244725737,0.5161290322580646,-0.3421252304799465,0.10236220472440946,-0.2422419315001369,-0.10040825925822003,-0.6095454698756418,-0.7295773235634609,-1.1270680154811676,-0.5556642101614379,-0.29841146656804746,-0.25616587790808115,0.22548440963792885,0.6489361702127674,0.13975903614457835,0.17931034482758612,0.2906403940886704,0.1714285714285717,0.1576576576576576,0.5569620253164557,0.36309523809523814,0.37423312883435633,0.3801169590643272,-0.14561783234872433,-0.2776288033642793,-0.25646458657213067,-0.2528778766237766,-0.3431018844274558,0.2599957282025661,-1.1784588908985802,-1.0173198139910407,0.9090909090909093,-0.2879251363031514,-0.2943810456557499,-0.3323086688815353,0.42156862745098045,-0.2094199141992622,-0.21372972574516005,-0.23544336015806816,-0.18744311450909087,-0.10864554130458903,-0.2874185497944744,-0.16084652832415383,-0.217087827876777,-0.3484463137104987,-0.322918876902329
maine,173.0,228.0,206.0,140.0,186.75,-0.12638761078953978,0.5161290322580641,(±3.5),-0.7112922221376053,-0.7131294602950076,0.1952662721893491,-0.7131177134303489,0.030303030303030276,0.018181818181818077,1.0,0.8378378378378386,1.0,0.026881720430107534,0.026490066225165563,0.010869565217391297,0.0,0.02202643171806167,0.0,1.0,-0.743201757533609,0.07874015748031496,-0.7101097835843491,1.4316426449165427,-0.2957900329853698,-0.3701940204064498,-0.029637610925577776,-0.6441291996046336,-0.610518895326805,-0.7349078107971369,-1.4023442160904398,0.6276595744680851,0.0891566265060241,0.5517241379310347,0.660098522167488,0.9142857142857137,0.46846846846846857,0.6708860759493672,0.40476190476190477,0.5828220858895707,0.6315789473684208,-0.6877487946915343,-0.6642483450980274,-0.6476120870469708,-0.6929850696430213,1.0949832538428106,-0.11294896389127869,-0.5104177283848541,-0.16705478742537871,0.3305785123966942,-0.6675511876365428,-0.7266975160950316,-0.6708852038122898,0.7352941176470589,-0.618229551054486,-0.6313377854582893,-0.6231352591016444,-0.6311790320014153,-0.5162732133061737,-0.6959709206944943,-0.6753322591753171,-0.6241798159569555,-0.5875480679165882,-0.4684223054064656
maryland,,,,,,0.9801187093523485,0.403225806451613,(±6),-0.06667475543582925,-0.05742621148617582,0.42603550295857995,-0.05742748494329329,0.39393939393939403,0.3363636363636362,0.4526315789473685,0.9729729729729737,0.48115942028985503,0.8145161290322581,0.019867549668874173,0.16032608695652173,0.009803921568627453,0.07048458149779735,0.18354430379746833,0.4025245441795232,0.006449386465410334,0.5236220472440944,-0.10753238535875462,0.20600192157673186,1.0591686315111384,1.3741298168678238,0.7742126854049498,1.9733937233322767,-0.21961400834667677,-0.07679782912085018,0.6475140533452853,0.6063829787234045,0.37349397590361444,0.7724137931034489,0.9113300492610841,0.6952380952380954,0.8603603603603602,0.11392405063291144,0.22023809523809523,0.8588957055214723,0.8596491228070176,-0.09515349142616696,0.004212396623519323,-0.30818017380416,-0.08750270643984895,-0.5257639265516089,2.257913721562452,2.229037732464908,1.9543345100424396,0.11570247933884292,-0.09534227654131024,-0.08730250705569675,-0.037487433961024975,0.6960784313725491,-0.024394238606625852,-0.03486972042352024,-0.05990226195164825,0.04859182358312881,0.1501168972405156,-0.18350085325646287,0.009180899128920818,-0.03322673543572195,1.5469573980300064,-0.7172143836855591
massachusetts,363.0,288.0,429.0,510.0,397.5,-0.12638761078953978,1.0,(±2),0.05109039247414744,0.05673803879249139,0.4674556213017752,0.056753148689001595,0.1515151515151516,0.11818181818181817,0.5684210526315789,0.9729729729729737,0.8,0.2231182795698925,0.013245033112582783,0.17119565217391303,0.009803921568627453,0.05286343612334802,0.22362869198312235,0.6956521739130437,-0.14685852163291127,0.5748031496062992,0.05299303274120651,-0.8310786904800304,1.7110827059387037,1.8065585068453656,1.8646530873837524,1.255266161969864,-0.26453304302976965,0.08686568641284705,-0.2568351831704771,0.6808510638297882,0.4963855421686748,0.6827586206896559,0.9211822660098528,0.7428571428571429,1.0,0.17721518987341778,0.0,0.8466257668711656,0.8421052631578947,0.21251330937839819,0.5026573453732993,0.1406508936370016,0.09500594576685666,-0.02117264996555057,1.3521908979059702,1.7265785178976472,2.1490569814890175,0.19834710743801653,0.1348950369598454,0.26368665930276813,0.48379296733507315,0.7843137254901962,0.07346661270035015,0.08021985703484927,0.16987997697236845,0.008269951303914861,-0.22961046991418702,0.3330923119569578,0.15201169757010607,0.07499458734754576,2.493305117751843,-0.7396641594132538
michigan,481.0,531.0,606.0,722.0,585.0,-0.5444011095098087,0.7016129032258069,(±3.6),0.4750194927612641,0.5488481260278568,0.21301775147928997,0.5488331998781025,0.303030303030303,0.2909090909090908,0.6421052631578947,0.7837837837837842,0.7782608695652173,0.3629032258064517,0.026490066225165563,0.07065217391304346,0.0,0.05286343612334802,0.07383966244725737,0.7447405329593269,0.564046695469607,0.19685039370078738,0.6510819076083425,1.195942505812733,-0.8012849035308081,-0.6799064605255001,-0.11351764184702413,-0.5608680330698611,-0.19346961698090906,0.6138816864272696,-0.49799497957467737,0.510638297872342,0.16626506024096388,0.5172413793103452,0.5911330049261085,0.7333333333333334,0.36936936936936937,0.49367088607594944,0.19047619047619047,0.4723926380368102,0.4678362573099415,0.24045499388770594,0.49029970982274457,0.08239277905957448,0.38624264643749184,-0.984437396968336,0.020245568999380303,-0.548083653924114,-0.38603094748629896,0.537190082644628,0.38647947947454336,0.4625679787563216,0.3480844985015647,0.7254901960784315,0.3165424022916167,0.4244093063467907,0.4237510006792749,0.4468338938576097,0.0013152713904779401,0.7721394154895797,0.4143175588388426,0.42959066113176886,-0.07800598006963048,-0.16595007514853105
minnesota,404.0,336.0,219.0,478.0,359.25,-0.39686693349089025,0.637096774193548,(±3.5),-0.1258071979052345,-0.12673274019860203,0.49112426035502965,-0.12670006174228585,0.48484848484848486,0.427272727272727,0.5052631578947369,0.6216216216216228,0.8478260869565217,0.16666666666666669,0.0728476821192053,0.1168478260869565,0.009803921568627453,0.05286343612334802,0.08016877637130801,0.8092566619915849,-0.1631198805688506,0.25984251968503935,-0.10849561951526243,1.3373625892750176,-0.06570271259917031,0.06515648504391326,0.08220243030301737,-0.13415455457915204,-0.022732450216040135,-0.08807931928142067,-0.49799497957467737,0.5319148936170208,0.21204819277108436,0.6965517241379304,0.812807881773399,0.9809523809523801,0.671171171171171,0.10126582278481011,0.11309523809523808,1.0000000000000004,0.9999999999999996,-0.14409693736123988,-0.004948547339713297,0.00267496589901021,-0.05970562325694597,0.3254815570490715,-0.21950459020380644,0.8306373452390735,0.9476909387919221,0.1652892561983471,-0.02691972941388193,0.04951110976427562,0.05811084300002363,0.6960784313725491,-0.16051287635996075,-0.09941236771790166,-0.08250154831512695,-0.1601508753954883,-0.37244302406492175,0.13421495595691607,-0.09545434829627994,-0.10590997396111546,-0.49662749795148947,0.10582124692746499
mississippi,8.0,9.0,4.0,5.0,6.5,-0.4214559628273767,0.5806451612903238,(±3.7),-0.4854546596523351,-0.47126557122355167,0.1834319526627219,-0.47136559967063396,0.4545454545454546,0.4636363636363636,0.5052631578947369,0.9729729729729737,0.48550724637681164,1.0,0.019867549668874173,0.008152173913043476,0.009803921568627453,0.0,0.035864978902953586,0.4866760168302946,-0.5705583417702881,0.02755905511811023,-0.503885116333855,0.5124121024116838,-1.1162023975947477,-1.1064915195573994,-0.9872679639454237,-0.9979891573774167,-0.5492631187720696,-0.5126623332884088,0.28577435873898094,0.6063829787234045,0.033734939759036145,0.0,0.0,0.0857142857142863,0.0630630630630632,0.6582278481012657,0.6666666666666666,0.2269938650306753,0.26900584795321647,-0.43520134089570356,-0.5255507131560196,-0.5386076927575166,-0.5215600087131883,-0.811867180375904,0.046884475577511533,-1.6758395537077388,-1.8731285408114093,0.9999999999999999,-0.5636265419265373,-0.572377337161638,-0.5889880252444593,0.6470588235294119,-0.45717014825261393,-0.48558288795306154,-0.4923447427182593,-0.43955146016038765,-0.28030573224876043,-0.6296105413332519,-0.4600094474549373,-0.4830459723392147,-0.5097819633932483,-0.279137470664682
missouri,184.0,149.0,196.0,230.0,189.75,-0.6427572268557543,0.05645161290322598,(±5.8),-0.0552009467239094,-0.02569087687747655,0.28402366863905326,-0.02565848267535934,0.4242424242424241,0.36363636363636354,0.6105263157894736,0.8108108108108105,0.8318840579710145,0.30107526881720437,0.019867549668874173,0.035326086956521736,0.019607843137254905,0.044052863436123336,0.054852320675105475,0.8064516129032258,0.1286662199627874,0.09448818897637795,0.014788146529231841,0.22957193548711485,-0.6966997579007174,-0.7558736628188519,-0.47000777326317117,-0.7690209494067923,-0.26926873664264717,0.006166082063209604,-0.6185748777767789,0.3936170212765955,0.08433734939759038,0.455172413793103,0.5270935960591134,0.6380952380952385,0.37387387387387383,0.5063291139240506,0.47619047619047616,0.5705521472392641,0.5789473684210527,-0.10048272521163405,-0.011830407325776013,-0.0866274984837198,0.06886087668871317,0.5116757381093271,-0.19286568362567427,-0.6672180139162672,-0.5375587544482859,0.4628099173553718,0.036574747709869126,-0.010755530006881904,-0.09969156943872955,0.715686274509804,-0.1476698479963198,-0.0962018806342272,-0.11321032607317716,-0.14063897938389977,-0.3264681156821246,0.09863962890914249,-0.024940977070732156,-0.11288076807938506,-0.417313809258531,-0.02231073209214331
montana,38.0,77.0,70.0,84.0,67.25,-0.802585917542916,0.411290322580645,(±5.1),-0.7491252064874794,-0.7631262487301038,0.5857988165680474,-0.7631141208253908,0.36363636363636376,0.28181818181818197,0.7999999999999998,0.48648648648648773,0.9188405797101449,0.0,0.41721854304635764,0.0027173913043478243,0.009803921568627453,0.06607929515418501,0.04852320675105485,0.8990182328190746,-0.8139071783019893,0.019685039370078747,-0.7915539237864658,0.4181320467701619,0.04353066172559108,-0.40817762155312576,-0.5748578119149791,-0.9407471053847606,-0.59925410933641,-0.7891435818225664,-1.1611844196862369,0.35106382978723616,0.033734939759036145,0.4896551724137925,0.5812807881773399,0.9999999999999991,0.4864864864864864,0.3670886075949368,0.40476190476190477,0.5950920245398779,0.6023391812865495,-0.7173859708128318,-0.7480678650535226,-0.6498533087198032,-0.7580844317575909,0.7680081066150447,-1.7112833585791867,-0.7456181566819737,-0.4396200499484651,0.44628099173553715,-0.6884396180101245,-0.7748918351480114,-0.7137386676757103,0.5980392156862746,-0.6568646609030546,-0.6726104818639924,-0.6897061367354774,-0.6581091107928008,-0.5121253278123787,-0.7757418360834756,-0.7568639508564663,-0.6624731210912382,-0.7279913313094855,0.8817669432856734
nebraska,34.0,25.0,12.0,16.0,21.75,-0.43375047749561985,0.6612903225806459,(±3.6),-0.6303279721225599,-0.6396836234817609,0.47928994082840237,-0.6396629125045881,0.666666666666667,0.5636363636363637,0.4842105263157894,0.5945945945945947,0.9086956521739129,0.12096774193548389,0.07947019867549669,0.05163043478260869,0.009803921568627453,0.044052863436123336,0.20042194092827,0.7966339410939691,-0.7100492276026179,0.20866141732283466,-0.6754636199849454,0.017441810293684808,-0.7315614731107476,-0.4929102702649414,0.047252417419081386,-0.8262630013994484,-0.5217176346214268,-0.6562985847469447,-0.6788648268778309,0.3404255319148941,0.20963855421686747,0.544827586206897,0.6995073891625618,0.7999999999999998,0.48198198198198194,0.1392405063291139,0.38690476190476186,0.9877300613496929,0.929824561403509,-0.6758449780237487,-0.60791616820515,-0.43689063317432997,-0.5942125264194243,1.211039247457604,-1.5514499191103963,-0.12413038528418667,-0.1716745376376344,0.28099173553719015,-0.5905897889036975,-0.5921904729649473,-0.5678457067419026,0.6666666666666667,-0.5853603169967083,-0.5940660369712563,-0.6104288674126833,-0.591019928406344,-0.48201884335257433,-0.6602392676647154,-0.6558562138629512,-0.587645416533866,-0.6622190041006906,0.07283166652018021
nevada,,,,,,-0.5689901388462951,0.693548387096774,(±3.3),-0.4788962791549277,-0.510712972398598,0.8816568047337279,-0.5107121082206622,0.4242424242424241,0.3818181818181816,0.4842105263157894,0.5405405405405403,0.7057971014492754,0.25537634408602156,0.09271523178807947,0.21467391304347822,0.07843137254901962,0.14096916299559473,0.5759493670886076,0.37727910238429174,-0.4654768354847112,0.7047244094488189,-0.5263889690571781,-2.480979664206698,0.1283608354033313,-0.18027601467306995,-0.532917796454256,0.44346978825583216,-0.247691907755572,-0.5333982550223605,0.8283839006484363,0.0,0.674698795180723,0.7379310344827585,0.7389162561576357,0.31428571428571406,0.1711711711711712,0.3291139240506328,0.5833333333333333,0.6196319018404912,0.5730994152046782,0.8271162305850803,-0.5847231332788508,-0.5987258114384467,-0.5085252161115763,-0.08273278570904968,-0.059671150735015284,-0.25543210886346035,-0.4987528526653381,0.4380165289256198,-0.5285478574731544,-0.49078211234226493,-0.4954866830676007,0.8137254901960785,-0.4362598831822255,-0.4981968187392029,-0.5237954162407671,-0.46661582311619065,-0.29021512777873054,-0.6579446255717093,-0.5325596560886509,-0.4954538493882051,-0.6591238357614532,0.46077485130367746
new hampshire,,85.0,57.0,104.0,82.0,-0.5566956241780519,0.556451612903226,(±3.9),-0.7088183388585908,-0.714885454413251,0.3254437869822485,-0.7148717016182444,0.0,0.045454545454545414,0.736842105263158,0.6756756756756754,0.9797101449275363,0.029569892473118285,0.0,0.05978260869565216,0.0,0.02202643171806167,0.04641350210970464,0.9565217391304348,-0.7706360378882529,0.16929133858267717,-0.7482960174725038,1.125232464081591,0.45954712989861846,1.1520718409334103,1.9974631363427091,0.625603590050647,-0.6175804029625751,-0.7459708790765733,-0.7391547759788804,0.5531914893617031,0.12771084337349398,0.8413793103448279,1.0000000000000004,0.9809523809523801,0.7252252252252251,0.2911392405063292,0.22023809523809523,0.8773006134969328,0.8538011695906436,-0.685226234000525,-0.6791523625707074,-0.611603979537679,-0.6433561381786066,2.865089452106703,0.7927738597652021,1.4237698693207885,1.4563254371612748,0.0,-0.6870164760758884,-0.6969781734692301,-0.6214985134975878,0.8137254901960785,-0.6325990240907025,-0.643395353425953,-0.6303459152431229,-0.6455921989822384,-0.5103409670632322,-0.7239560630088328,-0.6669909250275907,-0.6361594822071975,-0.18556307985813034,-0.7260968049915507
new jersey,327.0,446.0,227.0,419.0,354.75,0.9186461360111324,0.45161290322580694,(±3.6),0.32601714933687154,0.3877546563755893,0.22485207100591717,0.3877946338885131,0.33333333333333326,0.30909090909090886,0.5263157894736845,0.8648648648648649,0.672463768115942,0.3870967741935485,0.019867549668874173,0.25,0.009803921568627453,0.044052863436123336,0.3987341772151899,0.4642356241234221,-0.07404725349507549,0.8070866141732284,0.304050847841844,-0.4303884540035549,1.3450346962333863,2.671415886800449,3.6191437341573387,1.6507567030100334,0.0408491403615879,0.33497514604259465,1.0092537479515897,1.0,0.6867469879518073,0.6827586206896559,0.896551724137931,0.6380952380952385,0.8198198198198199,0.025316455696202556,0.32738095238095233,0.7361963190184055,0.6549707602339181,0.34591566916015104,0.4324087912926416,1.3098924703823493,0.544778452179763,0.5333731630025276,1.9382468426248696,1.970772214933073,1.9541035225318268,0.15702479338842978,0.45447273172098307,0.40144269273679933,0.5468200497819352,0.7254901960784315,0.3182481535396224,0.36056591286798234,0.47643701373675856,0.22692526314681344,0.26343217423322784,0.42758299347297224,0.14535802870343126,0.38601552080655055,3.8710419247548926,-0.7449122261979492
new mexico,67.0,58.0,52.0,66.0,60.75,-0.5935791681827816,0.0967741935483879,(±5.7),-0.6075595858568542,-0.6053344315215796,0.25443786982248523,-0.605318021268088,0.36363636363636376,0.40909090909090895,0.6736842105263159,0.7027027027027035,0.817391304347826,0.05376344086021506,0.7019867549668876,0.027173913043478257,0.019607843137254905,0.05726872246696036,0.9999999999999999,0.21458625525946706,-0.6314226023022281,0.3188976377952756,-0.6409159969642126,0.4652720745909245,-0.48171918077219766,-0.7003591688352486,-1.0292079794061468,-0.6389253766962103,-0.607268360065895,-0.6473877809666081,0.4666442060421318,0.5957446808510642,0.783132530120482,0.18620689655172473,0.2758620689655178,0.23809523809523814,0.3153153153153152,0.49367088607594944,0.48809523809523814,0.276073619631902,0.29824561403508776,-0.598489120781637,-0.6436724255333264,-0.6635339208318305,-0.6526156001956539,-0.9834282144151638,-0.6457270954539146,-1.1776124656055633,-1.2362959740519608,0.9834710743801652,-0.6523023982337561,-0.6845281639471038,-0.6477156789886437,0.5490196078431373,-0.6060803611783794,-0.6134110457907832,-0.6462795535074746,-0.5620959332342123,-0.3278507441800562,-0.8284711481209359,-0.7062339924249176,-0.6022506462075092,-0.6885279349842085,0.5963432788053227
new york,,,,,,3.2177203789726114,0.5000000000000009,(±2.6),1.7831183685315388,1.9492194364489184,0.1952662721893491,1.9493187938923229,0.33333333333333326,0.20909090909090922,0.5578947368421052,0.9459459459459456,0.6391304347826088,0.45698924731182805,0.046357615894039736,0.22282608695652173,0.009803921568627453,0.05726872246696036,0.3691983122362869,0.47124824684431976,1.053394018385223,0.8307086614173228,1.970664839457257,-2.8109598589520313,1.0184966304327698,1.6955295188781587,1.6829130203872853,1.3645464430467529,0.3164721130022002,1.9948192441899133,0.34606430784003034,0.9361702127659584,0.6771084337349399,0.5379310344827584,0.7192118226600992,0.3428571428571425,0.6936936936936935,0.12658227848101267,0.18452380952380948,0.5889570552147241,0.5614035087719298,2.170887965320324,2.5191727292252977,1.6883612574045113,1.8416795889923707,-0.5994342529331734,2.3378304412968465,0.5202108690250614,1.1879179498292187,0.49586776859504134,2.2898494859902785,2.041522743521011,2.4804226112760888,0.7254901960784315,1.931165371100874,2.2103962784567326,2.4034199516675296,2.1507086871131658,1.8428391721162578,2.422123865595228,1.6882332677117309,2.268725333411705,0.8366162641750224,-0.27674638909735916
north carolina,,,,,,0.2055642852530267,0.467741935483871,(±4.4),0.5281454990031119,0.4974617348554256,0.6745562130177515,0.4974781190999385,0.36363636363636376,0.3363636363636362,0.5473684210526317,0.9459459459459456,0.6521739130434783,0.5806451612903226,0.08609271523178809,0.06521739130434782,0.009803921568627453,0.044052863436123336,0.16666666666666666,0.5750350631136045,0.8104197396860334,0.2440944881889764,0.6758916098725641,-0.21825832881012486,-0.5154188388085602,-0.6506883057972878,-0.7286378686042975,-0.4567915749013955,1.2667773052715254,0.6080975514268695,-0.2568351831704771,0.44680851063829863,0.21445783132530125,0.4482758620689653,0.5665024630541873,0.4190476190476202,0.4504504504504503,0.3924050632911392,0.5654761904761904,0.4846625766871169,0.49122807017543835,0.28112448266438866,0.31967924448852436,0.00829133505714015,0.40157298104665334,-0.8305370576095882,0.020245568999380303,-0.7965094774246253,-0.5742857686357188,0.5289256198347109,0.4272624931684596,0.45872176351764155,0.2711940817213331,0.8431372549019609,0.38641583595535417,0.3816909786832398,0.39392964439332595,0.3657425354177898,0.0831146532753731,0.6212429698235877,0.6996687804971116,0.34638128464511164,0.004402876962565338,-0.259189543390287
north dakota,56.0,45.0,19.0,36.0,39.0,-0.7288188295334568,0.7903225806451619,(±2.9),-0.7905385661667746,-0.8098592923643287,0.9171597633136095,-0.8098474110147623,0.7575757575757578,0.45454545454545436,0.4421052631578948,0.24324324324324387,0.8898550724637682,0.07526881720430109,0.34437086092715236,0.027173913043478257,0.009803921568627453,0.03964757709251102,0.04641350210970464,0.8723702664796635,-0.9183671960358428,0.07874015748031496,-0.8399535367232187,-0.6189485652866019,-0.3631893490580949,-0.4607703000639079,-0.32321771915064,-0.8158553555826019,-0.6521593728932904,-0.8330099762836423,-1.5832140633935907,0.18085106382978822,0.0746987951807229,0.5724137931034479,0.6502463054187193,0.9333333333333327,0.40540540540540526,0.06329113924050633,0.30952380952380953,0.98159509202454,0.935672514619883,-0.740517527561455,-0.771086234372009,-0.5396884865577656,-0.7592296255593195,4.117989591869886,-1.8977557046261089,0.3636221898169026,0.8423606339524922,0.25619834710743794,-0.7650364101317192,-0.7862716060325627,-0.7057176467386573,0.0,-0.7133119300360998,-0.7397221268721096,-0.7436276915853078,-0.7196885732210321,-0.5201197996115574,-0.8887292311131865,-0.8519551601405475,-0.7247240527068867,-0.7167713460797499,-0.0192586982774658
ohio,431.0,450.0,542.0,661.0,521.0,-0.028031493443594166,0.0,(±5.7),0.7070782125939663,0.7926134447656946,0.22485207100591717,0.7926397705784456,0.36363636363636376,0.3363636363636362,0.6315789473684212,0.8378378378378386,0.8159420289855073,0.33333333333333337,0.0,0.04619565217391304,0.009803921568627453,0.044052863436123336,0.04641350210970464,0.7980364656381487,1.0374489527300714,0.10629921259842517,0.863311215406274,0.041011824204064434,-0.8163916467884879,-0.691593722416785,-0.20438767534525767,-0.873097407575258,-0.06342018468881047,0.9150203384316639,-0.7994447250799325,0.47872340425531945,0.1060240963855422,0.46896551724137936,0.6305418719211824,0.6952380952380954,0.3288288288288288,0.44303797468354433,0.26785714285714285,0.5889570552147241,0.5789473684210527,0.40626453327999684,0.8822222448183715,0.36461570405015387,0.7642906044770662,-0.3637901267674842,-0.21950459020380644,-0.575698279108796,-0.36916885921156567,0.5206611570247935,0.5734226982655892,0.8180865221288686,0.5701715422841849,0.6568627450980393,0.42569956785069646,0.5319226207251254,0.6062288242833737,0.44617468068683236,-0.12018530022074003,1.0578028153210897,0.7917144328946973,0.5023967330336957,0.33790726551539574,-0.3505012440532489
oklahoma,,,,,,-0.7657023735381864,0.5080645161290329,(±3.9),-0.35438173527778927,-0.35570404817864165,0.4497041420118343,-0.35571330342370333,0.5757575757575757,0.5272727272727276,0.4842105263157894,0.7027027027027035,0.7043478260869567,0.19354838709677422,0.5960264900662253,0.04076086956521738,0.019607843137254905,0.21585903083700442,0.1940928270042194,0.6100981767180925,-0.2810084902238688,0.16929133858267717,-0.35942040483469423,-0.053268231437457424,-0.9244629639395816,-0.884433543622986,-0.7286378686042975,-0.8626897617584114,-0.4478520230028162,-0.3648404714114017,0.04461456233477795,0.2340425531914896,0.18313253012048195,0.4068965517241381,0.41871921182266014,0.4761904761904754,0.2207207207207209,0.6202531645569621,0.8035714285714285,0.4478527607361964,0.3801169590643272,-0.4276838869373852,-0.39054727195859235,-0.22889599260903631,-0.3758345085814504,-0.4278732188939136,-0.7256438151883102,-0.8550186258044307,-0.9581870112741676,0.6611570247933883,-0.36143453373270484,-0.4203424282475465,-0.44520783989061236,0.4313725490196079,-0.350540425813294,-0.34607415116128937,-0.3516242368721336,-0.3744073635494344,-0.31361268364324446,-0.3673932472671412,-0.27603453336880385,-0.355222489884161,-0.5426681269976458,-0.024036388360392853
oregon,,,,,,-0.3353943601496742,0.29838709677419395,(±4.7),-0.32044922104739826,-0.34397893398734275,0.7041420118343196,-0.34395372052036494,0.2727272727272727,0.20909090909090922,0.6842105263157896,0.6756756756756754,0.8869565217391304,0.043010752688172046,0.09933774834437087,0.10869565217391301,0.04901960784313726,0.1145374449339207,0.24472573839662448,0.7503506311360448,-0.2415966827362356,0.3267716535433071,-0.3433681445692086,-0.996068787852696,0.7012550220214947,0.3222762466521814,0.06822242514944298,0.292558923911557,-0.17800155263588893,-0.3233160448980402,-0.43770503047362797,0.1489361702127674,0.3060240963855422,0.7931034482758621,0.8669950738916259,0.7333333333333334,0.5585585585585584,0.4683544303797468,0.30952380952380953,0.5276073619631907,0.5029239766081872,-0.3447529554808788,-0.34321547631123395,-0.39634698583270683,-0.3843903447721901,-0.6720953967615658,-0.19286568362567427,-0.18295694314887334,-0.046017331864279316,0.41322314049586784,-0.23606278622865293,-0.3514438300182698,-0.33899964850405373,0.8529411764705883,-0.33940314869765875,-0.3277172183855069,-0.3764606243099769,-0.3017840459021308,-0.3920140802366127,-0.2668951815854952,-0.3799132411852573,-0.3291221033899352,-0.5999287412735378,0.2984128440081069
pennsylvania,634.0,657.0,789.0,785.0,716.25,3.2177203789726114,0.2580645161290329,(±5.2),0.8602219193916643,0.96461620303446,0.1952662721893491,0.9646127735691711,0.24242424242424243,0.19999999999999996,0.7473684210526315,0.8378378378378386,0.8144927536231883,0.30645161290322587,0.006622516556291393,0.07880434782608695,0.009803921568627453,0.03524229074889868,0.12447257383966243,0.761570827489481,1.1796893705032843,0.19685039370078738,1.0377727348447636,0.7245422276051138,-0.4050234073101312,-0.11015244332536045,0.1940424715316125,-0.24343483565604093,-0.08852776739377069,1.0664178473998274,-0.6185748777767789,0.7553191489361701,0.20481927710843376,0.40000000000000036,0.6157635467980298,0.7047619047619049,0.45945945945945943,0.3924050632911392,0.20833333333333331,0.5582822085889574,0.5380116959064329,0.5819960666594454,1.2197621084883632,0.6185816351846729,1.0428817086854973,-0.0070440942211409336,0.6595793268745431,-0.09492871267509759,0.20021535444894958,0.3801652892561983,0.8632437889472436,1.02201897798628,0.838480139318758,0.5980392156862746,0.5242449025195322,0.639302164808307,0.8040353557592664,0.43795079292052985,-0.09052741677479233,1.2233101572337897,0.9207723307663809,0.6074858047153622,0.3440976021938704,-0.304805371680076
rhode island,63.0,52.0,29.0,39.0,45.75,-0.39686693349089025,0.758064516129032,(±2.8),-0.749808970615223,-0.7537528834024148,0.1715976331360947,-0.7537988519630596,0.1212121212121211,0.08181818181818157,0.6421052631578947,0.9459459459459456,0.8449275362318842,0.20967741935483875,0.05298013245033113,0.07608695652173912,0.019607843137254905,0.06607929515418501,0.29957805907172996,0.7040673211781208,-0.8842213942230797,0.47637795275590544,-0.8077490678910242,-1.3967590243291732,0.4281715862095912,0.9329356804718182,1.5221429611211799,0.1312404137504353,-0.7058772702653984,-0.7923580238399215,-0.6788648268778309,0.6595744680851059,0.4698795180722892,0.5103448275862075,0.7733990147783252,0.4571428571428564,0.5900900900900901,0.3797468354430379,0.09523809523809523,0.6932515337423313,0.7017543859649122,-0.7136352556801907,-0.7096674910229216,-0.5811855117628801,-0.7973738824699645,-1.27962329377118,0.10016228873377589,0.33801782470313607,0.6250013864658613,0.4380165289256198,-0.7410194198035356,-0.7544240628231356,-0.6784301320249415,0.7254901960784315,-0.67341543740907,-0.6996336016019095,-0.6933071846383448,-0.6783127737119952,-0.48146311373839357,-0.8474954618239002,-0.787552301139497,-0.685599916261885,3.1846883455289983,-0.819310965177531
south carolina,75.0,185.0,143.0,168.0,142.75,-0.5321065948415655,0.411290322580645,(±4.8),-0.19802748869792064,-0.2268183574156895,0.7337278106508877,-0.22679155772803875,0.33333333333333326,0.30000000000000004,0.6947368421052631,0.9729729729729737,0.6217391304347826,0.7123655913978496,0.013245033112582783,0.027173913043478257,0.009803921568627453,0.026431718061674,0.08649789029535865,0.5876577840112203,-0.02860367765277041,0.1299212598425197,-0.15698919793239083,0.6302621719635886,-0.6595139283433519,-0.8230754186937402,-0.8894079278704029,-0.4984221581687817,0.2522740415992272,-0.20210160850783834,-0.196545234069425,0.47872340425531945,0.1060240963855422,0.35862068965517313,0.39901477832512366,0.3809523809523805,0.3198198198198199,0.5063291139240506,0.5654761904761904,0.3926380368098159,0.4093567251461989,-0.26481753017830234,-0.3873532301378882,-0.41627227908097136,-0.28932889523419136,-0.8698951771833007,0.020245568999380303,-0.959340543168785,-0.9156853093214152,0.6363636363636364,-0.28659020564583076,-0.29175600014455916,-0.3705551684658797,0.8333333333333335,-0.25158034723955014,-0.284513973402026,-0.27158224422289867,-0.26580809748952305,-0.25215434474486903,-0.29134624009235716,-0.048801072423530996,-0.30464584709653975,-0.1588672529322077,-0.47762996465714846
south dakota,21.0,32.0,23.0,43.0,29.75,-0.4583395068321063,0.3790322580645169,(±4.7),-0.77379963664435,-0.7889699686336371,0.6449704142011835,-0.7889622513531744,0.6969696969696968,0.5636363636363637,0.5789473684210529,0.43243243243243334,0.8521739130434784,0.04838709677419356,0.576158940397351,0.024456521739130425,0.009803921568627453,0.04845814977973568,0.05063291139240505,0.8359046283309959,-0.8820156647649545,0.06692913385826771,-0.8329582114295009,0.4652720745909245,-0.6118695842229772,-0.6682191986342151,-0.21836768049883207,-1.226957365348041,-0.6030650817112699,-0.8217114977545391,-0.9200246232820339,0.32978723404255383,0.09397590361445785,0.43448275862068986,0.5615763546798034,0.8476190476190473,0.355855855855856,0.22784810126582278,0.5,0.9079754601226999,0.8888888888888893,-0.7510823181577163,-0.75371217453448,-0.5946804602467687,-0.7783019030177581,1.2756269308606194,-1.9243946112042412,-0.39382264427175206,-0.4269157368647619,0.4545454545454545,-0.752439839788191,-0.7822986520078541,-0.7160034103810761,0.627450980392157,-0.6955434280047714,-0.719893720849643,-0.7282133803560765,-0.7058288197662937,-0.5170699822710835,-0.8553508424196656,-0.8127702880977397,-0.70883248461788,-0.7129023856557032,0.060905451231624136
tennessee,,,,,,-0.11409309612129659,0.637096774193548,(±4.1),0.03298379766935636,0.027016086772118367,0.5443786982248521,0.027027245436334748,0.39393939393939403,0.3363636363636362,0.5578947368421052,0.891891891891893,0.7666666666666666,0.4435483870967743,0.013245033112582783,0.029891304347826074,0.009803921568627453,0.03083700440528634,0.08227848101265822,0.7279102384291727,0.1756912622090313,0.13385826771653542,0.08021486759903587,0.08815185202482703,-0.623490155959654,-0.8406063115306676,-0.8125178995257438,-0.6441291996046336,0.29940680288242255,0.0712845210736575,-0.2568351831704771,0.4893617021276597,0.10843373493975905,0.28965517241379324,0.39901477832512366,0.3809523809523805,0.2792792792792793,0.5949367088607594,0.5238095238095237,0.45398773006134974,0.42105263157894735,-0.0962485875860102,0.0384137008237669,0.05406838613051571,0.08094694989383737,0.08680988322386592,0.1534401018900393,-0.9670641739675659,-0.769701202614135,0.6363636363636364,-0.11373726815408168,0.024586898416137492,-0.08191200129655989,0.8431372549019609,0.017579091920169664,-0.006747556101561268,0.01320015185465991,-0.006037416032215548,-0.17850008425335806,0.14903521735809544,0.1721860871367002,-0.021011638547124227,-0.1588672529322077,-0.3460963475174942
texas,953.0,1341.0,1557.0,1874.0,1431.25,3.2423094083090978,0.314516129032258,(±2.6),3.038234705202601,2.800001167997629,0.9822485207100592,2.800050856811492,0.7272727272727271,0.6636363636363638,0.1578947368421053,0.6486486486486491,0.7710144927536231,0.3279569892473119,0.046357615894039736,0.11956521739130434,0.009803921568627453,0.03083700440528634,0.79957805907173,0.2762973352033661,3.064827843525449,0.6023622047244094,2.9338444467161584,-0.9253587461215539,-0.6258142703069893,0.0008765446418462357,-0.04361761607915217,0.10522129920831888,4.662661931684487,2.855445544719018,1.6121532389620945,0.3404255319148941,0.7903614457831325,0.5931034482758619,0.6157635467980298,0.02857142857142847,0.39639639639639634,0.189873417721519,1.0,0.6564417177914117,0.5087719298245617,2.4910723518655478,2.286367234314735,4.171651447124379,3.0000258405980205,-0.17961431081357287,0.4997458874057529,-0.08434839651238416,-0.37517453448749805,0.603305785123967,2.4962344702134924,2.854481284378664,2.511335766822134,0.6960784313725491,2.9413458741348646,2.7390321630299463,2.722395182150841,2.7243421529854546,3.0526257167314026,2.3566372368119795,3.163640692380978,2.6878498743347996,-0.38171937335730083,2.243527623637958
utah,146.0,229.0,195.0,227.0,199.25,-0.39686693349089025,0.13709677419354893,(±4.7),-0.4615331921972582,-0.5013891672576986,1.0,-0.5013699933529322,1.0,1.0000000000000002,0.0,0.45945945945946143,0.9434782608695653,0.02150537634408602,0.07947019867549669,0.05163043478260869,0.10784313725490198,0.05726872246696036,0.2637130801687763,0.788218793828892,-0.7023832772972092,0.26377952755905515,-0.582652120171867,0.8659623110673983,0.38285135643655194,-0.08385610406996939,-0.5678678093381919,0.08440600757462575,-0.025506613930092657,-0.5794626207835885,3.420851711993617,0.2340425531914896,0.29638554216867474,1.0,0.9556650246305423,0.8857142857142852,0.5675675675675675,0.03797468354430378,0.43452380952380953,0.8773006134969328,0.6257309941520468,-0.571396198966536,-0.5717295756388682,-0.519957255177602,-0.5108395545862976,-0.35571666634210725,-0.699004908610178,0.7910669627905254,-0.8551665815408654,0.11570247933884292,-0.4539269979544661,-0.4640442003610166,-0.4632279287323188,0.7941176470588236,-0.4303552396939278,-0.4613142202017061,-0.4721309365820367,-0.4920036686253254,-0.4490366255278225,-0.45170040766966857,-0.6158760053083834,-0.44680842024274764,-0.6243031919450325,0.13575396733269154
vermont,58.0,50.0,117.0,100.0,81.25,-0.37227790415440387,0.2741935483870961,(±4.3),-0.8088697480267505,-0.8167670383992367,0.15384615384615385,-0.8167580448220877,0.0,0.0,0.8736842105263158,0.7297297297297298,0.9942028985507247,0.02150537634408602,0.006622516556291393,0.032608695652173905,0.0,0.03083700440528634,0.006329113924050632,0.9915848527349229,-0.9380189969816299,0.11417322834645668,-0.854220452861571,1.0780924362608284,0.1771672366973736,0.23169996699472328,1.17264283228182,0.06879453884935592,-0.6838520916871631,-0.8544436345823275,-1.5229241142925414,0.6489361702127674,0.0746987951807229,0.5931034482758619,0.7044334975369457,0.9333333333333327,0.761261261261261,0.4810126582278481,0.10119047619047622,0.7546012269938651,0.8187134502923978,-0.7701521768696199,-0.7921170378391034,-0.6938747794906307,-0.820884521268073,0.9314956802289276,-0.37933802967259667,-0.004255403160643466,0.3020808466291878,0.28099173553719015,-0.7851897465310056,-0.8166896368377528,-0.7371247001642868,0.3725490196078432,-0.7036636770903416,-0.728234602775837,-0.7314891355006817,-0.7070699309828807,-0.5229185342950219,-0.8657828101831253,-0.8198895198005667,-0.7137833520998228,-0.49159784940022866,-0.7229890934541664
virginia,34.0,284.0,240.0,374.0,233.0,0.9186461360111324,0.9677419354838719,(±2),0.2724622489627918,0.27109543419351273,0.5325443786982249,0.2711369399888454,0.39393939393939403,0.3181818181818181,0.4526315789473685,0.7837837837837842,0.636231884057971,0.5188172043010754,0.013245033112582783,0.16576086956521735,0.009803921568627453,0.07929515418502203,0.16666666666666666,0.5568022440392707,0.8609434295381841,0.41338582677165353,0.2725688926096898,0.06458183811444741,0.586211361828395,0.7137995200102261,-0.23933768822919366,1.218839401610901,0.15391732810100134,0.2971659139333363,0.28577435873898094,0.3936170212765955,0.3204819277108434,0.6620689655172409,0.7733990147783252,0.6190476190476195,0.7972972972972974,0.17721518987341778,0.41666666666666663,0.6687116564417184,0.6783625730994154,0.23019644071720072,0.15494474297104574,-0.12430383607381784,0.2835997969393635,-0.29466112187519417,1.05916292554652,1.1551356419494945,1.3071075053054158,0.25619834710743794,0.26378347403692715,0.26346676209282105,0.2660338417626277,0.6764705882352942,0.16252896831034594,0.1494292634896855,0.1580495929745171,0.1591565215040615,0.08868199272346104,0.1939342726183269,0.5030266775773378,0.11384405471446578,0.02955111971886925,-0.3666348353306209
washington,,,,,,-0.11409309612129659,0.3225806451612909,(±4.8),0.13788897295634026,0.08280876205158764,0.863905325443787,0.08284849847529277,0.4242424242424241,0.3272727272727274,0.4526315789473685,0.5675675675675684,0.7724637681159421,0.09946236559139786,0.10596026490066225,0.2309782608695652,0.07843137254901962,0.15418502202643172,0.23628691983122363,0.6479663394109397,0.4519429234500492,0.4803149606299213,0.13506325754852141,-0.7603686487488864,0.946449085665374,0.816063061558969,0.36180253337450524,0.9794635478234301,0.5957939705948825,0.15562084974417584,-0.1362552849683756,0.1914893617021285,0.4,0.8551724137931043,0.9852216748768474,0.7904761904761903,0.6576576576576576,0.31645569620253167,0.25595238095238093,0.6073619631901841,0.5438596491228069,0.01457774455876492,0.07308416700768831,-0.14775265281849384,0.38207059229683615,1.6253086855347578,0.7661349531870708,0.8808938470119624,0.9839559779581294,0.22314049586776863,0.18507549202115572,0.05807879613147427,0.1826424971329843,0.8235294117647061,-0.0537537413488086,-0.02032372094261076,-0.09979342651748564,-0.03866032955148674,-0.2201028066354319,0.12857884599854705,-0.022729553599009335,-0.03464443732321144,-0.3627614672794717,-0.04921966953565153
west virginia,,5.0,158.0,116.0,93.0,0.2055642852530267,0.57258064516129,(±3.6),-0.6472420219967393,-0.6357459486408849,0.0,-0.6357314477689072,0.18181818181818166,0.15454545454545454,0.926315789473684,0.7027027027027035,0.9840579710144928,0.08064516129032259,0.0,0.0,0.0,0.02202643171806167,0.0,0.9859747545582047,-0.6651106112085879,0.0,-0.6583119284060033,1.5966327422892101,-1.0894750826003914,-1.4220475906220922,-1.2458980592865498,-1.3050147089743902,-0.6612384541392805,-0.6606403263619303,-0.9200246232820339,0.8191489361702136,0.0,0.05517241379310356,0.29556650246305427,0.32380952380952355,0.0,0.9999999999999999,0.27976190476190477,0.0,0.0,-0.617800074444146,-0.6212749994582619,-0.6381326269776347,-0.6806651719182057,-0.9188405310121484,0.3931902610932251,-1.458731466048859,-1.3478629416779362,0.8429752066115704,-0.6944321040885818,-0.7097379889127594,-0.6690670254799083,0.3921568627450981,-0.6618181999477659,-0.6695459260113942,-0.6691641843957447,-0.6433948217463139,-0.5114591218291139,-0.7700498954172476,-0.7292017590084248,-0.6597997891325186,-0.4560034134989986,-0.5485218310894118
wisconsin,278.0,390.0,411.0,399.0,369.5,-0.7779968882064295,0.1532258064516121,(±5.3),-0.09807446482910359,-0.07018736958226618,0.2781065088757397,-0.07019644814852125,0.33333333333333326,0.3181818181818181,0.6210526315789473,0.6216216216216228,0.8913043478260869,0.16397849462365593,0.059602649006622516,0.05978260869565216,0.009803921568627453,0.03083700440528634,0.10970464135021096,0.8316970546984572,-0.07740995048029277,0.1299212598425197,-0.01887331514473924,0.25314194939749446,-0.41896809339414326,-0.2474777705479582,0.3687925359512924,-0.6181100850625172,-0.20655582359164168,-0.01707117469469128,-0.9803145723830833,0.5425531914893629,0.1493975903614458,0.5241379310344829,0.6798029556650245,0.8761904761904757,0.40990990990990994,0.22784810126582278,0.1964285714285714,0.8159509202453985,0.8304093567251463,-0.2315721881627967,0.0011186079563467114,-0.19213460134270285,-0.06739153510647647,-0.18466022357943346,-0.5924492822976513,-0.11524291970750739,-0.012062167804199907,0.28099173553719015,-0.08135196802251764,-6.433708516979486e-05,-0.07611277159080748,0.5882352941176472,-0.25287291377026017,-0.18532025931202,-0.1751186741719188,-0.25765745563108466,-0.3951911127899714,-0.001961723582042692,-0.2070342413607506,-0.18928824634050606,-0.34805941766809406,-0.19397845264054214
wyoming,11.0,14.0,5.0,9.0,9.75,-0.1755656694625126,0.3225806451612909,(±4),-0.815524047339673,-0.8259077953502378,0.2958579881656805,-0.8259203504558554,0.4545454545454546,0.4363636363636363,0.5684210526315789,0.29729729729729826,0.9710144927536231,0.01881720430107527,0.1589403973509934,0.008152173913043476,0.009803921568627453,0.03964757709251102,0.1772151898734177,0.8695652173913044,-0.9202760537304217,0.07874015748031496,-0.8748136741505934,0.7716822554258764,-0.005275739568451241,-0.2766959252761705,-0.5958278196453407,-0.540052741436168,-0.6913619490140932,-0.8658897501236786,-0.6185748777767789,0.1914893617021285,0.11566265060240966,0.7448275862068963,0.7339901477832518,0.9809523809523801,0.3063063063063063,0.31645569620253167,0.5535714285714285,0.8282208588957061,0.7602339181286548,-0.7651865576568961,-0.817662496150868,-0.6999296476145179,-0.8262674851033174,1.193883144053678,-1.6580055454229232,0.326908492732287,0.1396966266683999,0.28925619834710736,-0.7864129429042334,-0.83628359758944,-0.7467222580419558,0.0,-0.719561153986746,-0.7486041704468774,-0.7635361790800036,-0.7236438522456962,-0.5171503287213265,-0.9079182454043349,-0.8541665836122704,-0.734194164833787,-0.7318602917335322,0.31142153781254456
